Model,Scenario,Rows,Accuracy,Precision,Recall,F1,ROC_AUC
XGBoost,11,32855,0.9996956323238472,0.9987746599681412,1.0,0.9993869543894066,0.9999999553044447
XGBoost,12,92010,0.9878600152157374,0.3541666666666667,0.015412511332728921,0.029539530842745437,0.7200166537647229
XGBoost,13,422625,0.953949719018042,0.9819339552791352,0.4083128078817734,0.5767842386813378,0.9893987777106618
Random Forest,11,32855,0.9986303454573124,0.9945095168374817,1.0,0.9972472013213434,0.999967411973991
Random Forest,12,92010,0.9875013585479839,0.15942028985507245,0.009972801450589302,0.01877133105802048,0.6194004909982377
Random Forest,13,422625,0.95278793256433,0.9698447228264946,0.39806034482758623,0.5644495863438912,0.9844466144234487
HistGradientBoosting,11,32855,0.9998782529295389,0.9995095033721643,1.0,0.9997546915245922,0.9999999702029632
HistGradientBoosting,12,92010,0.9880013042060646,0.47058823529411764,0.007252946509519492,0.014285714285714285,0.8707914071688201
HistGradientBoosting,13,422625,0.9512996154983733,0.9908415841584158,0.3697352216748768,0.5385201793721973,0.970868882540008
